"","Time","TS..Surface.temperature.","T2M..2m_Temperature.","H..Averaged_Sensible_Heat_Flux.","LE..Averaged_Total_Latent_Heat_Flux.","GFLUX..Averaged_Ground_Heat_Flux.","Air.Temperature.0m..Height...0.","Relative.Humidity.2m..Height...2.","Rainfall.Amount..Height...0.","Snowfall.Amount..Height...0.","Wind.Speed..Height...10.","Snowfall.Amount.Acc..Height...0.","Precipitation.Amount.Acc..Height...0.","Surface Downwelling Shortwave Flux In Air (Height = 0)"
"1","2004-03-02",265.48,266.59,-29.2,-8.8,-10.1,265.477355957031,0.968509435653687,0,2.89082527160645e-06,11.3954877853394,4.73091506958008,4.74393844604492,26.515625
"2","2004-03-02 06:00:00",265.12,267.44,-47.3,19.4,-9.7,265.119445800781,0.706119656562805,0,0,9.2754487991333,0.429367065429688,0.431411743164062,26.2578125
"3","2004-03-02 12:00:00",260.63,271.11,-71.1,2.5,9.5,260.623168945312,0.405795097351074,0,0,3.23636221885681,0,0,9.99999897748375e-16
"4","2004-03-02 18:00:00",262.13,270.42,-71.4,10.2,0,262.125427246094,0.401018142700195,0,0,4.08373355865479,0.00124359130859375,0.00124359130859375,0
"5","2004-03-03",264.38,268.82,-37.8,9,5.7,264.375305175781,0.582109153270721,0,0,3.95228981971741,0.0004730224609375,0.0004730224609375,33.2265625
"6","2004-03-03 06:00:00",264.42,267.57,-31.5,2.3,-10.2,264.410400390625,0.751039922237396,0,0,4.58355236053467,0,0,30.703125
"7","2004-03-03 12:00:00",264.13,266.3,-33,9.8,-5.9,264.121795654297,0.745607852935791,0,0,6.81210231781006,0,0,9.99999897748375e-16
"8","2004-03-03 18:00:00",263.02,266.83,-56.2,17.1,8.3,263.017578125,0.578035235404968,0,0,6.77044486999512,0,0,0
"9","2004-03-04",263.35,266.42,-44.4,22.5,2.6,263.339904785156,0.557725787162781,0,0,6.57582569122314,0.000217437744140625,0.000217437744140625,36.1015625
"10","2004-03-04 06:00:00",263.65,267.47,-39,11.1,-16.2,263.645690917969,0.596712231636047,0,0,4.70858335494995,0,0,26.5546875
"11","2004-03-04 12:00:00",259.35,265.91,-58.8,4.8,-11.7,259.350158691406,0.513078451156616,0,0,4.16364288330078,0,0,9.99999897748375e-16
"12","2004-03-04 18:00:00",258.88,263.01,-35.3,-4.1,-14.3,258.869873046875,0.808534741401672,0,0,3.8874340057373,0,0,0
"13","2004-03-05",266.22,264.07,26.8,17.5,-28.5,266.213684082031,0.954822480678558,4.41074371337891e-06,8.00043344497681e-05,5.78255605697632,0.717166900634766,0.741317749023438,23.5625
"14","2004-03-05 06:00:00",267.57,265.55,16.7,11.4,-18.4,267.560089111328,0.969623148441315,4.52995300292969e-06,6.82920217514038e-05,3.7514660358429,0.893117904663086,0.925674438476562,18.140625
"15","2004-03-05 12:00:00",265.67,265.58,-0.1,1.4,-2,265.66796875,0.974095404148102,2.80141830444336e-06,0.000128298997879028,3.12197661399841,1.71982002258301,1.75334358215332,9.99999897748375e-16
"16","2004-03-05 18:00:00",266.23,264.61,18.7,13.5,-36,266.222625732422,0.956073760986328,5.48362731933594e-06,0.000145524740219116,5.52421188354492,2.35317611694336,2.39453887939453,0
"17","2004-03-06",267.02,265.37,19.1,13.7,-25.7,267.018585205078,0.965945780277252,4.41074371337891e-06,0.000240862369537354,5.53827810287476,4.83023834228516,4.8829288482666,12.1953125
"18","2004-03-06 06:00:00",267.91,271.82,-25.4,0.1,38.8,267.901763916016,0.742587983608246,0,1.45137310028076e-05,3.06795191764832,2.52072143554688,2.57416152954102,16.96875
"19","2004-03-06 12:00:00",265.25,271.21,-75.3,-6.6,14.5,265.239379882812,0.687993288040161,0,0,6.0041937828064,1.10532760620117,1.13422393798828,9.99999897748375e-16
"20","2004-03-06 18:00:00",262.28,271.13,-59.4,-3.9,39.7,262.278350830078,0.565008401870728,0,0,3.21325349807739,0.255739212036133,0.258646011352539,0
"21","2004-03-07",265.2,268.54,-52.4,10.3,4.1,265.194549560547,0.691213667392731,0,0,7.23863935470581,0.00103950500488281,0.001708984375,32.1629791259766
"22","2004-03-07 06:00:00",266.22,268.9,-61.5,11.9,-3.3,266.219848632812,0.751638114452362,0,0,10.5247821807861,0.002197265625,0.002197265625,35.0390625
"23","2004-03-07 12:00:00",265.12,268.22,-66,28.3,2.9,265.120269775391,0.617496132850647,0,0,9.75260925292969,0,0,9.99999897748375e-16
"24","2004-03-07 18:00:00",265.41,268.83,-78.1,33.5,1.8,265.402862548828,0.589176416397095,0,0,10.4772853851318,0.000946044921875,0.000946044921875,0
"25","2004-03-08",267.39,270.74,-71,52.5,9.8,267.388610839844,0.514575719833374,0,0,9.80624771118164,0.0011444091796875,0.0011444091796875,23.614013671875
"26","2004-03-08 06:00:00",266.86,271.77,-44.8,14.4,2.6,266.851104736328,0.537006199359894,0,0,4.27105855941772,0,0,32.375
"27","2004-03-08 12:00:00",264.94,270.79,-12.2,3.1,-26.4,264.940002441406,0.482714593410492,0,0,0.821300148963928,0,0,9.99999897748375e-16
"28","2004-03-08 18:00:00",267.49,271.36,-40.6,13.8,4.3,267.484069824219,0.613574206829071,0,0,4.85962533950806,0,0,0
"29","2004-03-09",268.9,272.82,-32.5,10.7,31.1,268.891174316406,0.628269016742706,0,0,3.8557608127594,0,0,30.9957866668701
"30","2004-03-09 06:00:00",269.64,273.11,-26.8,12.9,13.6,269.632568359375,0.623416841030121,0,0,3.59055185317993,0,0,27.6015625
"31","2004-03-09 12:00:00",264.57,270.8,-29,5,1.4,264.561706542969,0.507098734378815,0,0,2.17193841934204,0,0,9.99999897748375e-16
"32","2004-03-09 18:00:00",262.75,271.26,-50.3,3,-13.7,262.744995117188,0.468371450901031,0,0,2.78476905822754,0,0,0
"33","2004-03-10",263.73,269.1,-16.9,4.9,-2.3,263.722473144531,0.475131332874298,0,0,1.46152639389038,0,0,52.0450248718262
"34","2004-03-10 06:00:00",268.38,272.4,-45.2,18.7,16.3,268.369537353516,0.584201157093048,0,0,5.23705530166626,0,0,33.203125
"35","2004-03-10 12:00:00",263.86,267.54,-68.8,1.2,-9.5,263.851745605469,0.741596460342407,0,0,8.53050327301025,0,0,9.99999897748375e-16
"36","2004-03-10 18:00:00",262.34,267.5,-82.9,2.8,2.2,262.334259033203,0.644167959690094,0,0,7.41556310653687,0,0,0
"37","2004-03-11",264.85,267.18,-61.4,30.2,4,264.839935302734,0.672092258930206,0,0,11.8009700775146,0.00043487548828125,0.00043487548828125,46.4402961730957
"38","2004-03-11 06:00:00",266.42,268.73,-49.1,12.9,-0.4,266.415924072266,0.761935293674469,0,0,9.62153625488281,0.0004730224609375,0.0004730224609375,38.5234375
"39","2004-03-11 12:00:00",263.89,266.86,-70.1,-4,-3.5,263.888885498047,0.817935645580292,0,0,10.7310485839844,0,0,9.99999897748375e-16
"40","2004-03-11 18:00:00",263.42,266.07,-94.2,19.5,-3.7,263.410278320312,0.728945672512054,0,0,16.0584182739258,0,0,0
"41","2004-03-12",263.95,265.66,-45.2,12.9,3.6,263.94677734375,0.796236217021942,0,0,11.7143564224243,0.00095367431640625,0.00095367431640625,50.8886184692383
"42","2004-03-12 06:00:00",265.81,267.34,-52.6,26.6,-4.1,265.8037109375,0.779008805751801,0,0,15.248158454895,0,0,45.3125
"43","2004-03-12 12:00:00",263.17,266.04,-76.8,5.8,-5.3,263.161163330078,0.764681458473206,0,0,12.15576171875,0,0,9.99999897748375e-16
"44","2004-03-12 18:00:00",261.84,264.15,-52,-3.2,-6.4,261.831420898438,0.8570277094841,0,0,10.0626096725464,0,0,0
"45","2004-03-13",264.73,266.14,-41.5,21.4,9.4,264.727661132812,0.782762885093689,0,0,12.9444742202759,0,0,58.7671241760254
"46","2004-03-13 06:00:00",266.15,266.9,-26.2,20.8,-2.9,266.145263671875,0.850496768951416,0,0,14.5129432678223,0,0,21.5546875
"47","2004-03-13 12:00:00",265.03,265.19,-6.9,3.8,-1.3,265.022155761719,0.962663888931274,0,2.54809856414795e-06,12.0888328552246,0.320419311523438,0.321067810058594,9.99999897748375e-16
"48","2004-03-13 18:00:00",265.93,266.7,-18.2,-2.3,-2.5,265.919891357422,0.956179559230804,0,2.47359275817871e-06,9.87365245819092,0.176834106445312,0.176834106445312,0
"49","2004-03-14",268.34,267.99,3.8,4.4,9.2,268.335632324219,0.991490840911865,1.19209289550781e-07,0.000205576419830322,7.60651302337646,1.53753662109375,1.53813934326172,27.9078464508057
"50","2004-03-14 06:00:00",270.89,270.62,2.9,3.1,8,270.889770507812,1.00000548362732,9.5367431640625e-07,1.37984752655029e-05,8.59700107574463,3.57440185546875,3.58327484130859,17.5546875
"51","2004-03-14 12:00:00",268.77,269.54,-23.9,-1.4,7.9,268.769104003906,0.948463082313538,0,1.32620334625244e-06,13.1961250305176,0.105983734130859,0.108051300048828,9.99999897748375e-16
"52","2004-03-14 18:00:00",270.35,270.53,-5,-2.4,6.9,270.342651367188,0.999944269657135,1.19209289550781e-07,0.000461220741271973,8.30235862731934,15.0255508422852,15.0280494689941,0
"53","2004-03-15",271.04,270.77,2.6,3,2,271.034698486328,1.00000655651093,2.38418579101562e-07,0.000468462705612183,7.92448711395264,14.6764030456543,14.7110137939453,12.1226720809937
"54","2004-03-15 06:00:00",271.34,271.83,-12.2,-6.4,-12.5,271.338012695312,0.992633581161499,0,2.91913747787476e-05,10.0094442367554,13.2634735107422,13.279182434082,30.90625
"55","2004-03-15 12:00:00",271.4,271.96,-3.3,-2.1,7.1,271.39990234375,0.998647212982178,4.76837158203125e-07,7.93337821960449e-05,2.46117615699768,6.1148567199707,6.1250114440918,9.99999897748375e-16
"56","2004-03-15 18:00:00",273.19,273.19,-2,-1.3,3.5,273.198791503906,1.0000057220459,1.19209289550781e-05,0.000169575214385986,9.47801876068115,10.1815185546875,10.3181915283203,0
"57","2004-03-16",272.84,272.8,-0.8,0.4,6.4,272.839935302734,0.998860955238342,4.76837158203125e-07,0.000274807214736938,5.79337787628174,7.93220520019531,7.9686393737793,14.6690053939819
"58","2004-03-16 06:00:00",273.27,273.4,-1.3,-1,10.4,273.277465820312,1.00000274181366,4.52995300292969e-05,1.43945217132568e-05,2.97004652023315,2.32757568359375,2.55596160888672,7.765625
"59","2004-03-16 12:00:00",273.41,274.59,-12,-10.8,27.9,273.418029785156,1.00000369548798,0.000522136688232422,0,4.76109933853149,1.63166809082031,7.13496398925781,9.99999897748375e-16
"60","2004-03-16 18:00:00",273.5,274.77,-19.4,-17.7,40.7,273.506042480469,1.00000429153442,0.000115752220153809,0,7.27449607849121,0.879379272460938,7.05580520629883,0
"61","2004-03-17",271.1,271.91,-17,-7.9,-2.2,271.095031738281,0.980732023715973,0,9.28640365600586e-05,9.05371379852295,1.09258651733398,5.80303192138672,41.679012298584
"62","2004-03-17 06:00:00",272.04,271.82,2.3,6.3,-10.7,272.038757324219,0.987734138965607,2.98023223876953e-07,0.000193104147911072,10.3807363510132,1.74439239501953,3.28794479370117,28.703125
"63","2004-03-17 12:00:00",270.72,271.19,-5,-0.3,-6.4,270.715393066406,0.968449413776398,0,0.000317052006721497,4.25568056106567,8.6990966796875,8.71144866943359,9.99999897748375e-16
"64","2004-03-17 18:00:00",270.95,270.89,-1.1,0.8,-7,270.940948486328,0.999073207378387,1.19209289550781e-07,7.05569982528687e-05,10.8322267532349,9.46121215820312,9.46345901489258,0
"65","2004-03-18",271.99,271.92,-0.4,2.2,4.4,271.986206054688,0.984989643096924,1.19209289550781e-07,0.000222042202949524,5.28289937973022,7.74503707885742,7.74676513671875,12.358567237854
"66","2004-03-18 06:00:00",271.86,271.95,-2,0,-0.9,271.856689453125,0.991765022277832,0,4.23192977905273e-06,5.00973129272461,3.35831451416016,3.36165618896484,20.40625
"67","2004-03-18 12:00:00",269.37,270.02,-11.2,-1.3,-33.6,269.367736816406,0.961032211780548,0,0,7.17422342300415,0.515495300292969,0.564918518066406,9.99999897748375e-16
"68","2004-03-18 18:00:00",269.95,270.09,-6.5,-0.4,6.2,269.947204589844,0.990009188652039,0,0.000140637159347534,12.6577072143555,0.290157318115234,0.293991088867188,0
"69","2004-03-19",270.43,269.96,6.1,5.8,0.9,270.421325683594,0.998524844646454,2.38418579101562e-07,0.000465914607048035,8.46422004699707,12.7478179931641,12.7579956054688,16.531379699707
"70","2004-03-19 06:00:00",268.54,269.65,-9.2,-4.9,-4.6,268.531188964844,0.989323019981384,0,1.89244747161865e-05,3.70329689979553,8.78235626220703,8.82664108276367,35.71875
"71","2004-03-19 12:00:00",267.77,268.95,-15.5,-0.4,-8.5,267.763031005859,0.917469799518585,0,0,5.87470769882202,3.5938835144043,3.61125564575195,9.99999897748375e-16
"72","2004-03-19 18:00:00",266.35,267.94,-8.6,-3.1,-16.9,266.348571777344,0.959873199462891,0,7.68601894378662e-05,2.46766185760498,0.913722991943359,0.914176940917969,0
"73","2004-03-20",269.22,269.55,-1.1,0,21.7,269.219787597656,0.97803258895874,0,0.000220358371734619,1.32473683357239,1.25030517578125,1.26066207885742,24.0925579071045
"74","2004-03-20 06:00:00",269.89,269.28,3.6,3.4,-10.2,269.886901855469,0.993197917938232,1.19209289550781e-07,2.71350145339966e-05,3.40065145492554,5.37759780883789,5.38835144042969,32.890625
"75","2004-03-20 12:00:00",263.16,267.49,-23.8,-6.7,-34,263.150634765625,0.8716761469841,0,0,2.63666915893555,3.25958061218262,3.27000617980957,9.99999897748375e-16
"76","2004-03-20 18:00:00",265.98,268.52,-30.6,8.8,6.8,265.9755859375,0.733003973960876,0,0,5.66579961776733,0.0006561279296875,0.00118255615234375,0
"77","2004-03-21",268.29,268.74,-8.8,14.6,6.8,268.280517578125,0.858906805515289,0,0,7.74339151382446,0.00232887268066406,0.00372123718261719,31.6971855163574
"78","2004-03-21 06:00:00",269.31,269.01,3.7,5.2,-0.1,269.304443359375,0.991168558597565,1.19209289550781e-07,0.000202730298042297,9.50264167785645,2.47078323364258,2.47221374511719,22.046875
"79","2004-03-21 12:00:00",266.64,268.03,-17.2,8.3,-8.6,266.633758544922,0.809694826602936,0,0,5.60682582855225,2.42770385742188,2.42993545532227,9.99999897748375e-16
"80","2004-03-21 18:00:00",266.24,265.79,2.8,3.2,-14.6,266.233581542969,0.978380620479584,1.19209289550781e-06,1.83284282684326e-06,3.87984704971313,0.469779968261719,0.473903656005859,0
"81","2004-03-22",267.4,264.87,7.5,5,4.2,267.391845703125,0.964464783668518,3.33786010742188e-06,6.47380948066711e-05,0.799345314502716,0.548276901245117,0.557018280029297,27.5961666107178
"82","2004-03-22 06:00:00",268.85,268.69,0.3,6.4,-4.8,268.845458984375,0.908388495445251,0,2.75671482086182e-07,3.51438879966736,0.644973754882812,0.650100708007812,34.234375
"83","2004-03-22 12:00:00",264.48,267.1,-37.3,-1.7,-22.2,264.477142333984,0.831957697868347,0,0,6.57975912094116,0.00301361083984375,0.00396728515625,9.99999897748375e-16
"84","2004-03-22 18:00:00",264.96,268.1,-50.8,7.4,-0.2,264.951080322266,0.725863397121429,0,0,7.53239917755127,0,0,0
"85","2004-03-23",265.22,267.81,-32.2,9.2,1.5,265.214874267578,0.721256196498871,0,0,5.73953199386597,0.000799179077148438,0.00133132934570312,53.2003402709961
"86","2004-03-23 06:00:00",266.02,268.05,-30.2,5.1,-7.7,266.016540527344,0.809894502162933,0,0,6.76408004760742,0.00128555297851562,0.00176811218261719,44.484375
"87","2004-03-23 12:00:00",261.85,266.37,-61.9,-2.1,-10.2,261.850463867188,0.723666846752167,0,0,6.3608021736145,0.000463485717773438,0.000814437866210938,9.99999897748375e-16
"88","2004-03-23 18:00:00",259.12,263.77,-11.2,-0.8,-53,259.113464355469,0.747196674346924,0,0,1.1086665391922,0,0,0
"89","2004-03-24",263.99,264.95,-5.8,2.4,-9.4,263.989654541016,0.855319797992706,0,0,2.57833552360535,0.00176620483398438,0.00223922729492188,57.369499206543
"90","2004-03-24 06:00:00",265.84,267.25,-24.4,6.7,-12.6,265.833984375,0.840274512767792,0,0,7.61790943145752,0.00167083740234375,0.0019378662109375,47.953125
"91","2004-03-24 12:00:00",261.94,268.43,-81.5,-2.9,13.4,261.934783935547,0.631549656391144,0,0,5.9181866645813,0.000242233276367188,0.000522613525390625,9.99999897748375e-16
"92","2004-03-24 18:00:00",261.41,265.73,-58.5,0.5,-14.1,261.405822753906,0.704150199890137,0,0,6.2552661895752,0.000516891479492188,0.000745773315429688,0
"93","2004-03-25",264.13,266.79,-43.3,16.7,11,264.127685546875,0.666873931884766,0,0,7.43880605697632,0.000988006591796875,0.00161361694335938,62.7550964355469
"94","2004-03-25 06:00:00",265.39,267.12,-27.3,10.8,-11.8,265.385223388672,0.777438938617706,0,0,7.07020425796509,0.00122451782226562,0.00155448913574219,52.015625
"95","2004-03-25 12:00:00",263.21,268.08,-75.2,-10.1,13.3,263.202087402344,0.767947494983673,0,0,7.19696998596191,0,0,9.99999897748375e-16
"96","2004-03-25 18:00:00",261.85,267.81,-69.2,-0.6,1.5,261.84912109375,0.634936392307281,0,0,5.44452428817749,0,0,0
"97","2004-03-26",268.17,267.09,6.6,5,11.2,268.160400390625,0.986347615718842,9.5367431640625e-07,6.847083568573e-05,3.01919102668762,0.0438385009765625,0.0446548461914062,29.3199272155762
"98","2004-03-26 06:00:00",269.86,270.38,-4.3,-0.5,13.6,269.854675292969,0.969730138778687,0,5.03212213516235e-05,3.30328702926636,3.34047508239746,3.34197616577148,8.5625
"99","2004-03-26 12:00:00",269.67,270.36,-8,-2.5,10.5,269.662292480469,0.974505722522736,0,0.000213563442230225,4.89981079101562,3.53767204284668,3.53878402709961,9.99999897748375e-16
"100","2004-03-26 18:00:00",269.61,270.51,-9.8,-4.4,12.9,269.610229492188,0.981020510196686,0,0.000265210866928101,4.75779485702515,8.29656982421875,8.29999732971191,0
"101","2004-03-27",270.87,270.43,8.9,8.4,1.3,270.867309570312,0.999973833560944,3.39746475219727e-06,0.000145897269248962,13.0569648742676,10.5458564758301,10.5742950439453,23.5027847290039
"102","2004-03-27 06:00:00",268.99,268.63,5.9,6.6,5.7,268.980224609375,0.993533790111542,1.49011611938477e-06,0.000130340456962585,11.6651525497437,4.86897087097168,4.90653991699219,33.5
"103","2004-03-27 12:00:00",266.46,266.34,0.2,3.3,-4.7,266.455444335938,0.984593152999878,2.02655792236328e-06,4.75198030471802e-05,9.54234313964844,3.23260498046875,3.30921936035156,9.99999897748375e-16
"104","2004-03-27 18:00:00",264.1,270.91,-120.1,17.6,64.8,264.092987060547,0.493152320384979,0,0,8.44674491882324,0.446750640869141,0.450599670410156,0
"105","2004-03-28",266.81,266.18,3.7,15,-14.3,266.807861328125,0.752415060997009,0,0,3.24492144584656,0.0088958740234375,0.0104255676269531,46.9012222290039
"106","2004-03-28 06:00:00",269.21,268.48,6,14.4,-11.7,269.206176757812,0.878147065639496,0,0,4.47989702224731,0.00231170654296875,0.00231170654296875,34.828125
"107","2004-03-28 12:00:00",269.54,270.67,-7.7,-1.6,9.8,269.531829833984,0.945486485958099,0,0.000199601054191589,3.04550170898438,3.70645904541016,3.72109603881836,9.99999897748375e-16
"108","2004-03-28 18:00:00",270.03,270.8,-4.7,-1.8,5.3,270.024169921875,0.977070510387421,0,0.000121027231216431,2.5820004940033,5.70526123046875,5.71202850341797,0
"109","2004-03-29",270.31,269.77,6.3,10.5,1.5,270.306762695312,0.962009370326996,1.19209289550781e-07,3.66568565368652e-06,6.96366310119629,5.2847843170166,5.31074905395508,53.3921051025391
"110","2004-03-29 06:00:00",269.8,271.15,-16.6,-7.8,-2.7,269.7939453125,0.971010684967041,0,0,5.48711681365967,0.32325553894043,0.333385467529297,47.0625
"111","2004-03-29 12:00:00",271.53,272,-4.7,-2.1,5.1,271.527099609375,0.988834977149963,0,0.000129252672195435,4.03379344940186,2.71613311767578,2.71661186218262,9.99999897748375e-16
"112","2004-03-29 18:00:00",272.3,272.37,-3,-1.9,5.1,272.295288085938,1.00000369548798,2.62260437011719e-06,8.98241996765137e-05,8.35569190979004,4.2086181640625,4.225341796875,0
"113","2004-03-30",273.25,272.65,7.3,6.5,8.2,273.253875732422,1.00000429153442,2.08616256713867e-06,2.53021717071533e-05,6.92020893096924,4.6722412109375,4.71515655517578,26.2843837738037
"114","2004-03-30 06:00:00",271.25,272.78,-19,3.3,-10.7,271.246643066406,0.867450058460236,0,0,5.61777305603027,0.439056396484375,0.52508544921875,50.109375
"115","2004-03-30 12:00:00",265.25,272.88,-43.3,-5.2,-6.6,265.240997314453,0.644061863422394,0,0,2.71053409576416,0.00162506103515625,0.0188446044921875,9.99999897748375e-16
"116","2004-03-30 18:00:00",268.01,274.04,-53.4,-8,-3.5,268.005676269531,0.713078260421753,0,0,4.22656154632568,0,0,0
"117","2004-03-31",271.07,273.77,-24.4,12.6,3.3,271.065490722656,0.700153470039368,0,0,4.20135927200317,0.0011749267578125,0.00267791748046875,66.1895904541016
"118","2004-03-31 06:00:00",272.42,276.6,-41.9,16.7,3.4,272.415008544922,0.623858451843262,0,0,4.78512191772461,0.00091552734375,0.00176239013671875,55.109375
"119","2004-03-31 12:00:00",268.89,274.66,-76,-0.7,7.8,268.884216308594,0.656985402107239,0,0,6.28109836578369,0,0,9.99999897748375e-16
"120","2004-03-31 18:00:00",267.9,272.11,-62,-0.6,-10.7,267.899230957031,0.733798682689667,0,0,6.92855310440063,0,0,0
"121","2004-04-01",270.85,273.36,-48.4,26.6,15.2,270.84716796875,0.708515107631683,0,0,8.92051982879639,0,0,71.0242004394531
"122","2004-04-01 06:00:00",271.84,273.28,-31.8,12.6,-1.9,271.837097167969,0.846133708953857,0,0,9.90550899505615,0.000316619873046875,0.00083160400390625,58.6875
"123","2004-04-01 12:00:00",267.51,270.73,-73.9,8.6,-12.6,267.507141113281,0.744678199291229,0,0,10.6641492843628,0,0,9.99999897748375e-16
"124","2004-04-01 18:00:00",266.07,270.06,-95,33.1,-8.6,266.061767578125,0.584368765354156,0,0,11.0884571075439,0,0,0
"125","2004-04-02",268.52,271.33,-62.6,58.5,8.7,268.516845703125,0.543200194835663,0,0,10.3061666488647,0,0,81.1095809936523
"126","2004-04-02 06:00:00",269.21,272.57,-75.8,55.1,-3.7,269.203063964844,0.553209960460663,0,0,10.5495367050171,0,0,65.703125
"127","2004-04-02 12:00:00",266.08,270.41,-105.3,33,-8.8,266.071258544922,0.57347446680069,0,0,11.3744277954102,0,0,0
"128","2004-04-02 18:00:00",266.1,270.15,-99.7,35.5,4.8,266.094604492188,0.57706081867218,0,0,11.5219297409058,0,0,0
"129","2004-04-03",268.92,271.45,-65.5,70.7,6.2,268.9189453125,0.552707433700562,0,0,11.9941368103027,0,0,83.9961853027344
"130","2004-04-03 06:00:00",271.73,271.38,6,8.2,6.4,271.728820800781,0.993503928184509,0,3.66270542144775e-05,12.142954826355,0.0511398315429688,0.0511398315429688,32.15625
"131","2004-04-03 12:00:00",270.48,270.72,-7.8,1.4,-4.2,270.477325439453,0.974734663963318,0,3.57627868652344e-07,10.8517980575562,2.9903678894043,2.99246978759766,0
"132","2004-04-03 18:00:00",269.54,270.69,-28.6,1.2,5.4,269.539154052734,0.911715269088745,0,0,11.0963430404663,0.0717353820800781,0.0738677978515625,0
"133","2004-04-04",272.44,272.36,-0.8,3.7,11.1,272.432434082031,0.990283966064453,1.31130218505859e-06,0.000124543905258179,11.5923976898193,1.47069549560547,1.47400665283203,18.33176612854
"134","2004-04-04 06:00:00",273.29,273.21,-0.3,0.8,12.5,273.298156738281,1.00000441074371,1.07288360595703e-05,0.000144794583320618,12.8143720626831,3.89543914794922,4.00270843505859,16.328125
"135","2004-04-04 12:00:00",271.87,271.79,-0.8,0.3,-1.4,271.860412597656,1.00000512599945,2.74181365966797e-06,0.000185355544090271,11.3170375823975,2.33381652832031,2.43401336669922,0
"136","2004-04-04 18:00:00",270.24,270.08,0.5,1.2,-4,270.238464355469,0.999378323554993,3.57627868652344e-07,0.000149384140968323,5.43897294998169,3.31156158447266,3.36732864379883,0
"137","2004-04-05",270.26,269.96,1.2,3.3,1.9,270.258636474609,0.967701613903046,0,0.000277310609817505,3.15677261352539,5.84701919555664,5.85229873657227,14.0486345291138
"138","2004-04-05 06:00:00",271.92,270.83,5.9,5.6,2.7,271.91259765625,0.99016147851944,0,0.000211462378501892,2.68371534347534,7.77334022521973,7.7857551574707,27.90625
"139","2004-04-05 12:00:00",265.68,268.42,-26.5,-8.4,-22.2,265.679718017578,0.918140470981598,0,0,4.51345872879028,4.05381393432617,4.08648681640625,0
"140","2004-04-05 18:00:00",264.38,268.09,-40.7,-3.2,-21.8,264.37939453125,0.788059592247009,0,0,5.17077159881592,0.00126266479492188,0.00207710266113281,0
"141","2004-04-06",269.79,270.67,-12.4,20.8,4.7,269.784973144531,0.76877224445343,0,0,6.14085531234741,0.000452041625976562,0.000841140747070312,56.0243072509766
"142","2004-04-06 06:00:00",270.88,271.81,-10.6,15,-3.6,270.875732421875,0.795215964317322,0,0,4.96564197540283,0.000179290771484375,0.00051116943359375,33.296875
"143","2004-04-06 12:00:00",267.22,270.43,-21.7,3.2,-8.7,267.212951660156,0.732822358608246,0,0,3.1811192035675,0,0,0
"144","2004-04-06 18:00:00",268.19,273.64,-41.9,2.7,38.8,268.18701171875,0.636691451072693,0,0,3.70255017280579,0,0,0
"145","2004-04-07",270.7,272.26,-6,6.7,29.5,270.696411132812,0.722431600093842,0,0,1.7670693397522,0.000848770141601562,0.000848770141601562,45.9247970581055
"146","2004-04-07 06:00:00",270.86,271.11,-2.1,9.1,-10.4,270.857971191406,0.831455647945404,0,0,2.91755628585815,0,0,59.140625
"147","2004-04-07 12:00:00",260.99,271.56,-46.9,-5,-2.6,260.980590820312,0.552051842212677,0,0,2.14179611206055,0,0,0
"148","2004-04-07 18:00:00",263.5,273.32,-66.3,-3.1,15.9,263.494781494141,0.513291954994202,0,0,3.27007269859314,1.32305908203125,1.32305908203125,0
"149","2004-04-08",267.65,271.29,-22.7,5.3,15,267.640991210938,0.673145771026611,0,0,2.92937135696411,0.00163650512695312,0.00296783447265625,74.2123947143555
"150","2004-04-08 06:00:00",270.24,272.17,-4,1.9,-1.6,270.238891601562,0.77715003490448,0,0,0.902463734149933,0.000286102294921875,0.000705718994140625,59.484375
"151","2004-04-08 12:00:00",262.87,268.75,-26.4,-11.6,-15.7,262.864837646484,0.944293200969696,0,0,2.12771677970886,0,0,0
"152","2004-04-08 18:00:00",270.39,270.96,-3.7,-1.2,6.5,270.388854980469,0.980625033378601,0,6.46263360977173e-05,2.6865291595459,1.04658508300781,1.04658508300781,0
"153","2004-04-09",272.27,271.56,17.1,14.8,1.5,272.264892578125,1.00000441074371,6.61611557006836e-06,1.09821557998657e-05,13.8204517364502,3.85789108276367,3.91216850280762,37.3181686401367
"154","2004-04-09 06:00:00",267.52,266.96,15.7,15.4,-8.6,267.510559082031,0.98320460319519,1.19209289550781e-06,0.000283628702163696,16.7497730255127,2.73502159118652,2.8223819732666,28.875
"155","2004-04-09 12:00:00",265.44,265.62,-7.7,1,-7.5,265.43505859375,0.978995025157928,5.96046447753906e-08,5.27054071426392e-05,12.748007774353,5.86929321289062,5.89071655273438,0
"156","2004-04-09 18:00:00",267.05,267.07,-2.8,2.2,-3.8,267.046752929688,0.984058856964111,0,0.000432074069976807,10.6458005905151,5.88474273681641,5.88763809204102,0
"157","2004-04-10",268.98,268.3,16.6,13.9,2.6,268.972564697266,0.993718445301056,2.20537185668945e-06,0.000273093581199646,14.0155773162842,11.9116325378418,11.9237365722656,44.5550155639648
"158","2004-04-10 06:00:00",269.63,269.29,3.7,7.2,6.8,269.625732421875,0.974889159202576,1.49011611938477e-06,0.00040610134601593,7.87279844284058,6.68658065795898,6.71997451782227,38.5
"159","2004-04-10 12:00:00",267.33,267.16,1.5,4.1,-7.3,267.326354980469,0.988685548305511,1.22189521789551e-06,0.000166043639183044,11.2664985656738,11.5984039306641,11.6234169006348,0
"160","2004-04-10 18:00:00",267.66,267.64,-2.1,1.8,-0.8,267.657348632812,0.991309285163879,2.68220901489258e-07,0.000182107090950012,12.1985111236572,6.27561950683594,6.30195999145508,0
"161","2004-04-11",269.18,268.74,8,15.5,-3.3,269.177368164062,0.957357406616211,0,0.000144064426422119,11.6195840835571,8.92147254943848,8.92673110961914,60.1162109375
"162","2004-04-11 06:00:00",266.97,267.86,-20,6.8,-14,266.96728515625,0.890766620635986,0,0,9.65033531188965,4.92793846130371,4.93046951293945,61.4375
"163","2004-04-11 12:00:00",263,266.11,-53.3,-11.4,-11.9,262.996459960938,0.883275926113129,0,0,7.87443542480469,0.0829925537109375,0.0842571258544922,0
"164","2004-04-11 18:00:00",264.9,267.58,-49.5,10.2,-3.6,264.890625,0.737827777862549,0,0,8.44094467163086,0.000211715698242188,0.000211715698242188,0
"165","2004-04-12",269.24,271.02,-27.2,30.8,29.8,269.237548828125,0.661824345588684,0,0,6.94677639007568,0.00452613830566406,0.00644683837890625,55.1645202636719
"166","2004-04-12 06:00:00",271,270.57,3.2,9.9,6.9,270.993713378906,0.930133879184723,0,3.63588333129883e-06,4.79017019271851,0.0163421630859375,0.0169181823730469,49.265625
"167","2004-04-12 12:00:00",266.07,269.6,-22.1,-9.4,-20,266.064208984375,0.935522615909576,0,0,2.91052532196045,0,0,0
"168","2004-04-12 18:00:00",265.66,269.24,-11.9,-6.4,-2.5,265.659393310547,0.986454129219055,0,5.96046447753906e-08,1.55935025215149,0.00136566162109375,0.00307464599609375,0
"169","2004-04-13",273.14,272,9.1,9.1,22,273.133544921875,0.990208745002747,6.55651092529297e-07,5.58793544769287e-06,4.0760440826416,0.374137878417969,0.401206970214844,49.7932281494141
"170","2004-04-13 06:00:00",272.55,272.27,1.6,2.1,3.8,272.543243408203,0.999775290489197,7.15255737304688e-07,5.17219305038452e-05,4.63994693756104,1.67403411865234,1.69763565063477,11.71875
"171","2004-04-13 12:00:00",271.77,271.79,-1.7,-0.7,0.9,271.766235351562,1.000004529953,2.50339508056641e-06,0.00041334331035614,6.68480634689331,11.7172088623047,11.8290786743164,0
"172","2004-04-13 18:00:00",270.84,271.03,-3.2,-0.5,-3.8,270.835205078125,0.989598751068115,1.19209289550781e-07,0.000194042921066284,5.2420768737793,17.2156066894531,17.2704315185547,0
"173","2004-04-14",273.29,272.39,5.8,5.8,14.8,273.297485351562,0.99535071849823,4.17232513427734e-07,8.00788402557373e-05,3.29996156692505,9.33388137817383,9.38595962524414,37.5651664733887
"174","2004-04-14 06:00:00",273.32,273.93,-2.1,0,16.7,273.322448730469,0.959139883518219,2.40802764892578e-05,0,1.48463153839111,2.24656295776367,2.33805847167969,31.78125
"175","2004-04-14 12:00:00",273.25,273.76,-3.4,-2.8,8.6,273.2509765625,1.00000500679016,0.000414490699768066,0,2.76688170433044,2.2490348815918,8.946044921875,0
"176","2004-04-14 18:00:00",273.28,274.06,-5.6,-4.8,13.6,273.283630371094,1.00000524520874,0.000313878059387207,0,3.17151641845703,2.52651214599609,12.268138885498,0
"177","2004-04-15",273.45,273.87,-6.2,-5.2,37.8,273.460327148438,1.0000034570694,2.30073928833008e-05,0,6.48990726470947,0.717670440673828,3.81169128417969,26.721794128418
"178","2004-04-15 06:00:00",273.33,274.26,-13,-0.4,20.3,273.336212158203,0.939151287078857,0,0,6.36649227142334,0.0719413757324219,1.57790756225586,72.203125
"179","2004-04-15 12:00:00",268.91,272.07,-49.2,-15.6,-10.4,268.907196044922,0.885197281837463,0,0,7.31236410140991,0,0,0
"180","2004-04-15 18:00:00",268.42,270.82,-37.2,0.9,-6.3,268.417541503906,0.827793717384338,0,0,7.16737699508667,0,0,0
"181","2004-04-16",272.86,272.96,-3.3,27.9,2.2,272.855743408203,0.843158900737762,0,0,7.87469577789307,0,0,103.867904663086
"182","2004-04-16 06:00:00",273.43,274.09,-11.7,9.1,32,273.433990478516,0.911669850349426,0,0,8.01141357421875,0,0,38.3993186950684
"183","2004-04-16 12:00:00",272.44,272.49,-1.5,-0.5,0,272.431945800781,1.00000524520874,4.94718551635742e-06,0.000397980213165283,4.51168489456177,5.86430740356445,5.92195129394531,0
"184","2004-04-16 18:00:00",271.79,271.35,3.2,2.9,-8.9,271.785400390625,1.0000057220459,2.62260437011719e-06,0.000304698944091797,4.67679738998413,13.955982208252,14.1277275085449,0
"185","2004-04-17",273.15,272.61,6.9,6.7,1,273.153259277344,1.00000405311584,4.05311584472656e-06,0.000196248292922974,7.72910356521606,14.6778106689453,14.837230682373,20.0151882171631
"186","2004-04-17 06:00:00",273.33,274.35,-22.1,13,21.2,273.333923339844,0.880342960357666,0,0,9.97671127319336,2.05698394775391,2.11120986938477,60.8797073364258
"187","2004-04-17 12:00:00",272.52,273.11,-14.3,0.3,-14.6,272.518585205078,0.955281913280487,0,0,10.1369667053223,8.38718414306641,9.50896453857422,0
"188","2004-04-17 18:00:00",269.94,272.12,-46,-5.8,-8,269.930114746094,0.876240849494934,0,0,9.89511013031006,0.694408416748047,1.88560485839844,0
"189","2004-04-18",273.38,274.57,-34.2,30.7,29.1,273.383178710938,0.83360767364502,0,0,13.5039863586426,0.392879486083984,0.399749755859375,71.366569519043
"190","2004-04-18 06:00:00",273.49,275.13,-42.4,11.4,42.2,273.496704101562,0.859073340892792,0,0,12.58336353302,0.00209999084472656,0.0170097351074219,62.1196632385254
"191","2004-04-18 12:00:00",273.1,274.18,-27.8,2.5,-2.4,273.098083496094,0.914998650550842,0,0,11.6025905609131,0,0.000621795654296875,0
"192","2004-04-18 18:00:00",273.16,274.49,-33.9,21.1,5.7,273.160552978516,0.838322639465332,0,0,11.6530113220215,0,0,0
"193","2004-04-19",273.64,275.2,-38.6,19.5,62.5,273.640014648438,0.840733170509338,0,0,12.1776971817017,0,0,100.748481750488
"194","2004-04-19 06:00:00",273.72,275.06,-31.4,-7.3,70.8,273.724792480469,0.93736606836319,0,0,11.6839733123779,0,0,102.993011474609
"195","2004-04-19 12:00:00",272.44,273.91,-35.6,-14.5,-7.5,272.431488037109,0.948492407798767,0,0,11.0332345962524,0,0,0
"196","2004-04-19 18:00:00",271.24,274.02,-69,-4.4,-3.5,271.238922119141,0.829487264156342,0,0,11.7505102157593,0,0,0
"197","2004-04-20",273.75,275.15,-32.4,12.6,76.7,273.752502441406,0.871220111846924,0,0,11.5603828430176,0,0,141.328170776367
"198","2004-04-20 06:00:00",273.77,276.34,-36.2,11.5,77.8,273.776306152344,0.783756792545319,0,0,7.03800249099731,0,0,107.574333190918
"199","2004-04-20 12:00:00",273.17,274.3,-15.2,-2.2,2.8,273.179565429688,0.935140669345856,0.000106513500213623,0,6.07855224609375,0.033843994140625,0.7830810546875,0
"200","2004-04-20 18:00:00",272.04,273.98,-14.1,-5.9,0.1,272.038909912109,0.935612559318542,1.20997428894043e-05,0,3.37871265411377,0.405509948730469,2.96420288085938,0
"201","2004-04-21",273.89,273.24,4,3.8,89.1,273.894317626953,1.00000405311584,6.13927841186523e-06,1.19209289550781e-07,2.72206258773804,0.891288757324219,2.70357513427734,107.987548828125
"202","2004-04-21 06:00:00",273.57,274.7,-8.3,4.7,48.5,273.571197509766,0.875721037387848,0,0,3.53750824928284,0.0168952941894531,0.116752624511719,131.35758972168
"203","2004-04-21 12:00:00",270.6,273.23,-46.2,-10.5,-5,270.594482421875,0.875141859054565,0,0,8.19009304046631,0,0.00305938720703125,0
"204","2004-04-21 18:00:00",270.66,273.47,-61.4,28.1,-8.8,270.659271240234,0.700444459915161,0,0,10.221435546875,0,0.000440597534179688,0
"205","2004-04-22",273.47,274.77,-27.4,38,40.8,273.478271484375,0.77280056476593,0,0,10.0064315795898,0,0.00038909912109375,81.0568313598633
"206","2004-04-22 06:00:00",273.55,273.66,-2.1,0,49.7,273.553039550781,0.996417641639709,4.81605529785156e-05,0,7.38186550140381,1.05744934082031,2.68882751464844,54.7160415649414
"207","2004-04-22 12:00:00",269.05,273.09,-40.4,-14.7,-11.3,269.043975830078,0.869678676128387,0,0,4.75888872146606,0.307052612304688,1.32607269287109,0
"208","2004-04-22 18:00:00",271.83,273.13,-4.7,-1.6,4.9,271.82373046875,0.950047254562378,2.92062759399414e-06,6.78002834320068e-07,1.6270866394043,0.103414535522461,0.176860809326172,0
"209","2004-04-23",273.66,274.61,-6.4,3.2,68.3,273.66748046875,0.902149856090546,8.34465026855469e-07,0,3.27403116226196,2.69482231140137,6.13283157348633,75.2470779418945
"210","2004-04-23 06:00:00",273.34,274.5,-13.2,8.7,23,273.342041015625,0.856921970844269,0,0,5.18656969070435,0.59295654296875,1.017578125,107.775039672852
"211","2004-04-23 12:00:00",269.93,274.58,-56,-21.4,0.7,269.924438476562,0.850225329399109,0,0,5.73005867004395,0.00018310546875,0.006439208984375,0
"212","2004-04-23 18:00:00",267.07,273.31,-60.4,-1.9,-5.5,267.065216064453,0.644351959228516,0,0,4.60883378982544,0,0.00127792358398438,0
"213","2004-04-24",273.48,272.72,7.2,35.5,17.7,273.480407714844,0.753574132919312,0,0,4.72721433639526,0.0003662109375,0.00144195556640625,130.993438720703
"214","2004-04-24 06:00:00",273.52,274.87,-15.2,-7.4,44.9,273.522247314453,0.961596012115479,0.000223517417907715,0,5.28813743591309,0.111846923828125,1.62886047363281,22.2476654052734
"215","2004-04-24 12:00:00",273.42,275.02,-17.4,-12,31.6,273.428771972656,0.979085028171539,0.000207662582397461,0,5.10987997055054,0.062774658203125,4.13079071044922,0
"216","2004-04-24 18:00:00",273.42,277.63,-20.1,-10.2,41.4,273.42822265625,0.876820921897888,0.000182986259460449,0,2.32731890678406,0,4.29190063476562,0
"217","2004-04-25",273.47,277.42,-8.8,-3.8,42.6,273.473876953125,0.866183996200562,0.000318169593811035,0,1.08747863769531,0.000995635986328125,10.1185760498047,21.8212699890137
"218","2004-04-25 06:00:00",273.58,274.86,-10.4,-6.6,48.3,273.581726074219,0.978868186473846,0.000173568725585938,0,3.87925004959106,0.0165939331054688,10.3615646362305,27.8744354248047
"219","2004-04-25 12:00:00",273.38,274.1,-7.4,-6.4,15.5,273.379943847656,1.00000441074371,1.37090682983398e-05,0,4.53932046890259,0,3.16830444335938,0
"220","2004-04-25 18:00:00",272.26,273.48,-7,-4.2,3,272.255676269531,0.98003077507019,1.43051147460938e-05,0,2.54950189590454,0,1.22840118408203,0
"221","2004-04-26",274.15,274.63,-2.1,-1.8,123.2,274.151123046875,1.00000405311584,7.15255737304688e-07,0,2.63668084144592,0,0.0247154235839844,185.137557983398
"222","2004-04-26 06:00:00",274.06,274.66,-2.9,-2.5,106.9,274.060363769531,1.00000178813934,1.12056732177734e-05,0,2.6576075553894,0.000385284423828125,0.174850463867188,117.418647766113
"223","2004-04-26 12:00:00",268.96,273.33,-32.3,-19.8,-8.8,268.950561523438,0.953266680240631,0,0,3.50843548774719,0,0.00612258911132812,0
"224","2004-04-26 18:00:00",269.84,273.51,-24.9,-13.9,-21.3,269.838684082031,0.937946498394012,0,0,3.21051812171936,0.000207901000976562,0.0147857666015625,0
"225","2004-04-27",274.02,275.68,-12.8,5.2,121.3,274.029083251953,0.851307272911072,0,0,3.93880558013916,0.000553131103515625,0.0113449096679688,205.260375976562
"226","2004-04-27 06:00:00",273.95,275.01,-7.4,-2.7,100.4,273.952972412109,0.963534772396088,2.38418579101562e-07,0,3.59749913215637,0.000217437744140625,0.071624755859375,152.374038696289
"227","2004-04-27 12:00:00",271.63,274.15,-19.7,-7.6,6.4,271.630187988281,0.91202300786972,1.64508819580078e-05,0,3.65524482727051,0.00251579284667969,0.079986572265625,0
"228","2004-04-27 18:00:00",272.72,272.59,0.1,0.6,-2,272.714904785156,1.00000560283661,4.05311584472656e-06,5.34802675247192e-05,4.72219085693359,0.570189476013184,0.689579010009766,0
"229","2004-04-28",273.52,272.86,7.4,6.8,39.9,273.520690917969,1.00000369548798,7.03334808349609e-06,9.16644930839539e-05,5.71575880050659,1.75590515136719,1.98703765869141,60.4224395751953
"230","2004-04-28 06:00:00",273.34,273.17,1.3,1.5,22.1,273.342102050781,1.00000357627869,9.05990600585938e-06,0.000234916806221008,6.87762260437012,5.35763359069824,6.70737457275391,27.4918975830078
"231","2004-04-28 12:00:00",272.43,272.11,2.4,2.3,-6.2,272.423461914062,1.00000381469727,3.33786010742188e-06,2.70381569862366e-05,5.63308382034302,4.136474609375,5.24798202514648,0
"232","2004-04-28 18:00:00",270.21,271.23,-16.1,-6.8,-22.1,270.207489013672,0.972981989383698,0,0,6.93712663650513,1.27784633636475,1.36310195922852,0
"233","2004-04-29",272.62,273.79,-15.3,20,6.6,272.613555908203,0.778766572475433,0,0,5.75517511367798,0.00326919555664062,0.00449371337890625,100.442588806152
"234","2004-04-29 06:00:00",273.31,274.98,-13.4,14.5,14.2,273.309692382812,0.746066689491272,0,0,3.7539758682251,0,0.000423431396484375,86.6508941650391
"235","2004-04-29 12:00:00",268.43,273.75,-52.8,-1.8,-0.6,268.424835205078,0.688601732254028,0,0,4.73921012878418,0,0,0
"236","2004-04-29 18:00:00",270.06,273.07,-23.5,10.1,-11.5,270.058837890625,0.684955060482025,0,0,3.67532277107239,0,0,0
"237","2004-04-30",273.36,275.58,-12.9,17.9,30.5,273.367736816406,0.626026272773743,0,0,2.77001714706421,0,0,114.504119873047
"238","2004-04-30 06:00:00",273.37,275.2,-17.8,17.9,20.4,273.37109375,0.736697018146515,0,0,4.58170795440674,0,0,104.416748046875
"239","2004-04-30 12:00:00",269.1,273.51,-52.3,-3.4,-15.8,269.092041015625,0.744603335857391,0,0,5.62472152709961,0,0,0
"240","2004-04-30 18:00:00",267.44,273.27,-57.4,3.9,-17,267.439270019531,0.611790180206299,0,0,4.71806907653809,0,0,0
"241","2004-05-01",273.59,277,-14.2,16.4,55.7,273.59423828125,0.529529452323914,0,0,2.03897190093994,0,0,125.123916625977
"242","2004-05-01 06:00:00",273.58,276.37,-5.9,3.4,50.6,273.586791992188,0.712558031082153,0,0,1.04699110984802,0,0,101.728065490723
"243","2004-05-01 12:00:00",270.28,273.4,-12.9,-1.4,-2,270.270721435547,0.822605609893799,0,0,1.96352672576904,0,0,0
"244","2004-05-01 18:00:00",272.15,271.96,0.5,0.7,-3.3,272.141265869141,1.00000548362732,2.98023223876953e-06,0.000219866633415222,3.38499331474304,2.67536163330078,2.70023345947266,0
"245","2004-05-02",273.42,273.26,0.8,1,32.8,273.429504394531,1.00000405311584,3.93390655517578e-06,4.76837158203125e-06,4.15172052383423,3.16419219970703,3.40245056152344,38.0468139648438
"246","2004-05-02 06:00:00",273.53,273.65,-1.1,-0.1,47.3,273.533508300781,0.997028589248657,2.86102294921875e-06,0,3.48515295982361,0.179592132568359,0.349960327148438,74.4265975952148
"247","2004-05-02 12:00:00",271.45,271.88,-4.5,-2.9,4.9,271.442413330078,1.00000548362732,1.19209289550781e-07,2.17556953430176e-06,4.04172563552856,0.589775085449219,0.634250640869141,0
"248","2004-05-02 18:00:00",272.26,272.38,-3.1,-1.2,2.9,272.255035400391,0.998037278652191,2.38418579101562e-06,6.08712434768677e-05,6.58331346511841,0.403976440429688,0.417865753173828,0
"249","2004-05-03",273.29,273.07,2.3,2.4,16.3,273.298156738281,1.00000405311584,9.41753387451172e-06,0.000403136014938354,7.70355701446533,6.26474380493164,6.49959182739258,23.5390701293945
"250","2004-05-03 06:00:00",273.27,272.9,2.2,2.2,14.2,273.2705078125,1.00000333786011,5.24520874023438e-06,0.000262930989265442,3.80935120582581,13.6771697998047,16.0660629272461,23.7747955322266
"251","2004-05-03 12:00:00",270.46,270.36,0,0.4,-8,270.457214355469,1.0000057220459,7.15255737304688e-07,1.73747539520264e-05,3.49705410003662,9.7420768737793,10.4349784851074,0
"252","2004-05-03 18:00:00",267.16,269.24,-27.2,-8.9,-23.6,267.151977539062,0.93289715051651,0,0,6.07382965087891,1.20525741577148,1.27237701416016,0
"253","2004-05-04",273.25,273.04,1.5,9,15.9,273.256896972656,0.956745445728302,3.57627868652344e-07,1.50576233863831e-05,6.35636758804321,0.579206466674805,0.589015960693359,90.2447509765625
"254","2004-05-04 06:00:00",273.46,273.96,-8.4,-6.6,38.5,273.469665527344,1.00000381469727,0.000144243240356445,0,7.72806262969971,1.67964172363281,2.86273765563965,28.3895740509033
"255","2004-05-04 12:00:00",273.27,273.46,-5.2,-4.2,11.2,273.278533935547,1.00000500679016,0.000548839569091797,0,9.46501350402832,0.574783325195312,4.36306762695312,0
"256","2004-05-04 18:00:00",273.15,273.38,-6.8,-2.2,6.7,273.141784667969,0.990987539291382,1.0371208190918e-05,0,9.81979370117188,0.0195064544677734,1.12731552124023,0
"257","2004-05-05",273.96,275.87,-38.9,-30.7,101.7,273.96923828125,0.981830179691315,0.000527858734130859,0,10.5533361434937,0.000156402587890625,1.55014801025391,27.2366676330566
"258","2004-05-05 06:00:00",274.54,277.55,-72.9,-76.7,175,274.5400390625,1.00000417232513,0.000943422317504883,0,12.935830116272,0.000202178955078125,11.2127494812012,13.7172050476074
"259","2004-05-05 12:00:00",273.87,277.67,-65.6,-49.6,91.2,273.873016357422,0.94270646572113,0,0,8.78723621368408,0,5.92739486694336,0
"260","2004-05-05 18:00:00",274.51,278.05,-84.1,-79.5,173.8,274.516845703125,0.981022298336029,0.000198602676391602,0,12.5530824661255,0.000261306762695312,0.74212646484375,0
"261","2004-05-06",275.65,279.41,-98.5,-109.9,319.4,275.656494140625,0.997454941272736,0,0,14.7499856948853,0,11.3259620666504,174.588928222656
"262","2004-05-06 06:00:00",274.55,279.05,-75.8,-74.4,180.2,274.557373046875,0.977237403392792,0.000322580337524414,0,8.84235286712646,0,6.47906112670898,13.4612655639648
"263","2004-05-06 12:00:00",273.84,278.86,-98.6,-54.8,93.6,273.850219726562,0.862995803356171,0,0,9.93215560913086,0,0.33612060546875,0
"264","2004-05-06 18:00:00",273.95,278.47,-107.3,-58.5,102.6,273.9580078125,0.874516010284424,0,0,12.0400543212891,0,0.113037109375,0
"265","2004-05-07",275.09,280.08,-101.4,-17.3,249.5,275.094482421875,0.764498233795166,0,0,10.8021974563599,0,0.00180816650390625,210.711822509766
"266","2004-05-07 06:00:00",275,281.69,-97.7,-23.7,234.2,275.005432128906,0.715029895305634,0,0,7.68690013885498,0,0.00112152099609375,182.321502685547
"267","2004-05-07 12:00:00",273.8,279.84,-125.9,-21.8,84.6,273.804382324219,0.713109254837036,0,0,10.4967632293701,0,0,0
"268","2004-05-07 18:00:00",273.32,279.23,-87.1,-2.4,23.5,273.329345703125,0.66782009601593,0,0,7.28894376754761,0,0,0
"269","2004-05-08",274.93,280.68,-92.5,17.7,229.5,274.9296875,0.631442129611969,0,0,8.4330997467041,0.000152587890625,0.00195693969726562,238.458679199219
"270","2004-05-08 06:00:00",274.87,281.27,-81.7,-15.3,217.2,274.869689941406,0.708895564079285,0,0,6.67728281021118,0.000224113464355469,0.00206756591796875,167.082611083984
"271","2004-05-08 12:00:00",273.4,279.8,-58,-4.3,33.6,273.401245117188,0.66264808177948,0,0,4.50790929794312,0,0,0
"272","2004-05-08 18:00:00",272.81,278.68,-42.8,-8.5,-8.8,272.808990478516,0.725162923336029,0,0,3.57277679443359,0,0.000667572021484375,0
"273","2004-05-09",274.53,281.09,-19.3,-1.8,180.1,274.532592773438,0.672991871833801,0,0,1.52523195743561,0.000135421752929688,0.0017242431640625,183.737991333008
"274","2004-05-09 06:00:00",274.17,278.67,-77,-17.1,133.2,274.178070068359,0.793139278888702,0,0,8.74922847747803,0,0.657638549804688,48.417293548584
"275","2004-05-09 12:00:00",272.53,278.69,-64.1,9.1,-10.6,272.520202636719,0.591389656066895,0,0,5.09699106216431,0,0.0646286010742188,0
"276","2004-05-09 18:00:00",273.3,279.25,-71.2,13.3,17.7,273.305999755859,0.594213783740997,0,0,5.9192910194397,0,0,0
"277","2004-05-10",274.92,278.66,-55.7,12.4,227.8,274.924163818359,0.741229891777039,0,0,7.94488096237183,0.000457763671875,0.00524711608886719,275.389404296875
"278","2004-05-10 06:00:00",274.57,278.19,-57.3,21,178.6,274.577087402344,0.713885545730591,0,0,8.29809951782227,0,0,243.172958374023
"279","2004-05-10 12:00:00",269,277.08,-75.2,20.4,-23.3,268.993835449219,0.411503851413727,0,0,4.55115509033203,0,0,0
"280","2004-05-10 18:00:00",266.19,275.65,-63.5,13.7,-16.7,266.183990478516,0.348270833492279,0,0,3.26877522468567,0,0,0
"281","2004-05-11",274.6,277.02,-24.4,26.9,189.1,274.606811523438,0.69865745306015,0,0,5.38584470748901,0.000370979309082031,0.00212478637695312,286.579193115234
"282","2004-05-11 06:00:00",274.3,276.69,-32.4,39.1,143.7,274.310272216797,0.675204873085022,0,0,7.03626918792725,0,0,244.284133911133
"283","2004-05-11 12:00:00",267.74,273.56,-47.9,2,-23.1,267.737365722656,0.626577734947205,0,0,3.9407331943512,0,0,0
"284","2004-05-11 18:00:00",265.49,270.59,-31.9,-2,-30.6,265.488098144531,0.712300956249237,0,0,2.95652532577515,0,0,0
"285","2004-05-12",274.55,273.84,2.2,9.2,175.3,274.550537109375,0.784946620464325,0,0,0.139311417937279,0,0,299.188873291016
"286","2004-05-12 06:00:00",274.34,276.08,-16.6,22.9,146.9,274.349853515625,0.742678582668304,0,0,5.0564923286438,0,0,254.946853637695
"287","2004-05-12 12:00:00",267.44,272.41,-44.6,-6.6,-12,267.430358886719,0.756733298301697,0,0,4.26035356521606,0.00174713134765625,0.00725555419921875,0
"288","2004-05-12 18:00:00",272.67,275.43,-15.2,2.4,12.3,272.669403076172,0.78497713804245,2.38418579101562e-06,0,2.59948706626892,0.0836944580078125,0.207473754882812,0.1328125
"289","2004-05-13",274.34,273.35,11.4,17.9,149.9,274.341796875,0.945941686630249,0,0,4.83308029174805,0.784465789794922,2.02312469482422,236.502380371094
"290","2004-05-13 06:00:00",273.46,272.49,10.7,11.3,37.4,273.464569091797,0.990130364894867,7.74860382080078e-07,5.57601451873779e-05,5.44589376449585,1.48691558837891,1.56335067749023,72.6743011474609
"291","2004-05-13 12:00:00",272.74,272.61,0.4,0.8,-1.7,272.737243652344,1.00000393390656,3.27825546264648e-06,4.34964895248413e-05,8.51689910888672,1.8747386932373,1.88518714904785,0
"292","2004-05-13 18:00:00",271.28,271.24,-0.8,0.1,-3.1,271.278198242188,1.00000429153442,2.38418579101562e-07,8.70823860168457e-05,6.0249457359314,2.73749351501465,2.78706359863281,0.375
"293","2004-05-14",273.37,272.18,15.4,14.5,27.8,273.377685546875,0.99611222743988,4.76837158203125e-07,7.14957714080811e-05,6.39322853088379,2.46225357055664,2.50330924987793,70.5471496582031
"294","2004-05-14 06:00:00",272.74,271.96,10.7,10.7,1.7,272.732604980469,0.995822608470917,5.96046447753906e-07,0.000188171863555908,7.72684526443481,9.78981399536133,9.86130142211914,34.5549011230469
"295","2004-05-14 12:00:00",267.92,270.81,-43.9,-16.9,-11.2,267.919128417969,0.920645177364349,0,5.90085983276367e-06,7.09728145599365,12.8335876464844,12.9035224914551,0
"296","2004-05-14 18:00:00",270.21,271,-15.5,-7.7,-4.2,270.200805664062,0.985860407352448,0,5.39422035217285e-06,8.29222011566162,1.30935096740723,1.3437442779541,0.6328125
"297","2004-05-15",273.44,272.25,17.2,14.9,34.2,273.449951171875,1.00000381469727,1.07288360595703e-06,3.40789556503296e-05,7.05963039398193,0.45378303527832,0.468765258789062,81.1714782714844
"298","2004-05-15 06:00:00",273.47,273.28,2.1,2.2,38.4,273.479736328125,1.00000393390656,1.99079513549805e-05,0.000248000025749207,7.27877569198608,2.84329414367676,2.97298049926758,47.140251159668
"299","2004-05-15 12:00:00",273.22,273.38,-3.9,-2.9,7.3,273.22705078125,1.00000631809235,1.18613243103027e-05,0,7.46491622924805,0.271547317504883,1.50971221923828,0
"300","2004-05-15 18:00:00",272,271.98,-1.3,-0.5,2,271.99951171875,1.0000057220459,1.72853469848633e-06,7.71880149841309e-06,7.24540519714355,0.366264343261719,0.496932983398438,0.515625
"301","2004-05-16",273.4,273.96,-8.3,-5.3,31.4,273.40478515625,0.994479894638062,0.000484466552734375,0,6.50129127502441,8.64260673522949,10.0021858215332,17.7869834899902
"302","2004-05-16 06:00:00",273.68,274.9,-25.9,-23.6,65.4,273.680419921875,1.00000286102295,0.000250816345214844,0,10.3188571929932,2.66611099243164,13.0952262878418,12.9893608093262
"303","2004-05-16 12:00:00",273.51,275.64,-20.6,-19.4,45.2,273.518127441406,1.0000057220459,2.50339508056641e-05,0,4.6783242225647,0.00477218627929688,9.63152313232422,0
"304","2004-05-16 18:00:00",273.31,275.15,-6.8,-6.3,19.4,273.315185546875,1.0000057220459,2.98023223876953e-05,0,1.7477194070816,0,2.34369659423828,0.2109375
"305","2004-05-17",273.63,275.86,-20.7,-19.8,63.4,273.63232421875,1.00000333786011,8.10623168945312e-05,0,4.53600931167603,0,2.70171356201172,16.4189605712891
"306","2004-05-17 06:00:00",273.7,274.55,-13,-11.7,68.9,273.70703125,1.00000262260437,0.000296473503112793,0,7.52513217926025,0.000682830810546875,3.42950057983398,43.4685897827148
"307","2004-05-17 12:00:00",272.53,272.6,-1.5,0.2,-2,272.528076171875,0.99066573381424,2.38418579101562e-07,0.000276997685432434,4.12722206115723,4.9001407623291,8.61431884765625,0
"308","2004-05-17 18:00:00",272.36,272.44,-3.6,1.3,-5.8,272.355224609375,0.987217962741852,1.19209289550781e-07,0.000381946563720703,9.54948425292969,15.2926406860352,15.353099822998,0.296875
"309","2004-05-18",273.27,272.98,4.1,4.3,14.4,273.2763671875,1.00000429153442,1.19209289550781e-06,0.000271037220954895,9.45096683502197,13.2843475341797,13.3551635742188,26.8007297515869
"310","2004-05-18 06:00:00",273.5,274.15,-19,-16.6,47.9,273.51025390625,1.00000190734863,0.000143170356750488,0,13.5396165847778,16.5589065551758,19.7685775756836,12.2634325027466
"311","2004-05-18 12:00:00",273.25,273.48,-5.7,-4.6,11.3,273.260375976562,1.00000441074371,0.000201225280761719,4.05311584472656e-05,9.09517002105713,6.51936340332031,19.2906494140625,0
"312","2004-05-18 18:00:00",272.36,272.52,-5.7,-3.3,-6.8,272.351989746094,1.00000643730164,4.76837158203125e-07,0.000375375151634216,10.2926692962646,15.3280639648438,20.3086929321289,1.0390625
"313","2004-05-19",272.71,271.35,33.4,30,-1.4,272.7041015625,0.996005892753601,2.38418579101562e-07,5.41061162948608e-05,12.9256372451782,11.6027374267578,11.6473236083984,89.0460891723633
"314","2004-05-19 06:00:00",271.92,270.87,27.3,25,-9.1,271.916259765625,0.993760645389557,4.76837158203125e-07,1.84178352355957e-05,14.042893409729,20.438117980957,20.4641609191895,68.7272796630859
"315","2004-05-19 12:00:00",268.51,268.26,4,6.3,-17.2,268.507263183594,0.990911245346069,4.76837158203125e-07,0.000350534915924072,13.5677165985107,14.6412162780762,14.7307472229004,0
"316","2004-05-19 18:00:00",268.43,268.21,2.4,4.1,-7.1,268.421722412109,0.993581235408783,1.66893005371094e-06,7.02738761901855e-05,11.1198606491089,9.89957046508789,9.93552017211914,1.296875
"317","2004-05-20",270.52,268.99,34.8,26.7,3.8,270.520263671875,0.994143962860107,2.38418579101562e-07,6.38216733932495e-05,11.5632209777832,4.60697555541992,4.62979507446289,93.3941955566406
"318","2004-05-20 06:00:00",269.81,268.67,23.8,19.7,-6,269.8046875,0.987398028373718,2.38418579101562e-07,0.000266656279563904,10.9428453445435,10.5638084411621,10.5826568603516,76.6886672973633
"319","2004-05-20 12:00:00",266.73,267.16,-11.3,-2.9,-8.8,266.722717285156,0.984745144844055,0,0.000163450837135315,9.97460079193115,6.6603889465332,6.66742706298828,0
"320","2004-05-20 18:00:00",266.05,266.01,-1.4,2.8,-5.8,266.04931640625,0.982824146747589,2.38418579101562e-07,0.000123217701911926,10.1700525283813,10.4283142089844,10.4340515136719,1.8203125
"321","2004-05-21",269.46,268.88,12.9,18.7,-15.5,269.45751953125,0.964541673660278,3.57627868652344e-07,0.000282406806945801,13.216178894043,15.3306121826172,15.3495216369629,24.0841770172119
"322","2004-05-21 06:00:00",270.23,269.41,24.2,22.6,-2.2,270.22412109375,0.987444579601288,1.43051147460938e-06,3.66568565368652e-05,16.2605800628662,5.69417572021484,5.72600936889648,74.8457183837891
"323","2004-05-21 12:00:00",266.65,267.32,-14,-5.7,9.8,266.646728515625,0.990376770496368,2.38418579101562e-07,4.97698783874512e-06,8.6426887512207,0.498748779296875,0.505550384521484,0
"324","2004-05-21 18:00:00",265.63,267.7,-45.6,-13.3,-3,265.62255859375,0.933569252490997,0,8.53538513183594e-05,9.98598957061768,1.72096252441406,1.72458267211914,1.828125
"325","2004-05-22",267.9,267.96,-3.3,14.9,3.4,267.896240234375,0.902377665042877,0,2.0831823348999e-05,9.65280723571777,3.11998748779297,3.12132263183594,114.388000488281
"326","2004-05-22 06:00:00",268.39,268.89,-13.7,22.7,-6.4,268.38623046875,0.843722522258759,0,0,10.7368259429932,0.3568115234375,0.3568115234375,96.0522842407227
"327","2004-05-22 12:00:00",264.4,268.05,-59.4,-3,-15.2,264.394287109375,0.778188228607178,0,0,7.52306175231934,0.0494384765625,0.0494384765625,0
"328","2004-05-22 18:00:00",264.05,268.41,-77.1,4.7,-2,264.044006347656,0.67988908290863,0,0,8.21057891845703,0,0,1.6875
"329","2004-05-23",270.25,270.57,-7.5,16.4,15.5,270.246826171875,0.879808843135834,0,0,8.49279499053955,0.00174713134765625,0.00287628173828125,117.566581726074
"330","2004-05-23 06:00:00",273.47,272.77,12.2,11.3,30.1,273.47265625,1.00000178813934,4.76837158203125e-07,5.79953193664551e-05,9.28747844696045,0.0969047546386719,0.0977401733398438,76.4065399169922
"331","2004-05-23 12:00:00",271.56,271.5,-0.7,0,-1.7,271.55224609375,1.00000405311584,3.57627868652344e-07,5.93066215515137e-06,6.19821834564209,0.359102249145508,0.380599975585938,0
"332","2004-05-23 18:00:00",270.95,273.04,-4.4,-0.8,8.3,270.942321777344,0.892369568347931,4.76837158203125e-07,0.000216208398342133,0.980194568634033,1.43929100036621,1.45543479919434,0.5859375
"333","2004-05-24",273.42,272.93,6.1,5.6,28.5,273.42822265625,1.00000274181366,4.64916229248047e-06,2.60770320892334e-05,6.89953994750977,5.95198822021484,5.98574066162109,45.5469207763672
"334","2004-05-24 06:00:00",273.14,271.74,27.4,23.2,0.5,273.135986328125,1.00000166893005,1.54972076416016e-06,2.11596488952637e-05,10.1573867797852,4.5380687713623,4.61507225036621,62.4935417175293
"335","2004-05-24 12:00:00",269.72,269.94,-6,-2.1,-7.6,269.712890625,0.995014905929565,5.96046447753906e-08,0.000146284699440002,8.78365135192871,1.76715850830078,1.86745071411133,0
"336","2004-05-24 18:00:00",269.34,269.43,-3.2,0.2,-6.8,269.33642578125,0.989964962005615,0,5.05000352859497e-05,7.77013158798218,1.54188346862793,1.55746459960938,2.21875
"337","2004-05-25",273.3,271.42,17.8,16.7,19.3,273.3037109375,0.985781669616699,2.38418579101562e-07,6.02006912231445e-06,4.44986391067505,1.47188949584961,1.48692512512207,85.9290313720703
"338","2004-05-25 06:00:00",273.19,273.42,-2.2,10.3,1.2,273.1982421875,0.854310512542725,0,0,3.2863986492157,0.837890625,0.849990844726562,102.164054870605
"339","2004-05-25 12:00:00",269.7,273.44,-53.9,-1.4,-13.1,269.69677734375,0.766026198863983,0,0,6.81675338745117,0,0,0
"340","2004-05-25 18:00:00",268.39,276.22,-20.8,1,1.4,268.38818359375,0.534703850746155,0,0,1.2957581281662,0,0,3.4375
"341","2004-05-26",273.48,277.09,-22.6,16.2,45.6,273.486328125,0.606220483779907,0,0,3.05040645599365,0.000510215759277344,0.000848770141601562,130.524368286133
"342","2004-05-26 06:00:00",273.68,276.88,-32.7,5.8,63.9,273.689208984375,0.762697577476501,0,0,5.03488397598267,0,0,121.370262145996
"343","2004-05-26 12:00:00",268.69,276.01,-59.8,2.6,-11.9,268.68603515625,0.560780584812164,0,0,3.9552960395813,0,0,0
"344","2004-05-26 18:00:00",266.26,275.41,-52.7,1.9,-5.3,266.25048828125,0.481083452701569,0,0,2.79291987419128,0,0,3.46875
"345","2004-05-27",273.79,276.42,-27,34.1,77.4,273.799560546875,0.611331522464752,0,0,5.06203651428223,0,0,132.126510620117
"346","2004-05-27 06:00:00",273.89,276.58,-37.8,6.3,88.3,273.89013671875,0.801760613918304,0,0,6.97307538986206,0,0,141.702346801758
"347","2004-05-27 12:00:00",273.25,277.4,-53.5,10.4,19.3,273.259521484375,0.690999269485474,0,0,6.22203350067139,0,0,0
"348","2004-05-27 18:00:00",270.78,274.53,-59.5,7.9,-6.1,270.772216796875,0.718724489212036,0,0,7.50770807266235,0,0,6.921875
"349","2004-05-28",273.95,275.08,-16.5,8.4,98.7,273.951904296875,0.889225482940674,0,0,7.38113069534302,0,0.00325775146484375,190.724868774414
"350","2004-05-28 06:00:00",273.96,275.89,-30.3,7.2,100.3,273.970458984375,0.848742306232452,0,0,7.92354965209961,0,0.00074005126953125,172.84147644043
"351","2004-05-28 12:00:00",269.59,275.71,-72.3,11.1,-13.7,269.584655761719,0.569401443004608,0,0,5.67253828048706,0,0,0
"352","2004-05-28 18:00:00",269.68,273.97,-54.7,12.9,-25.6,269.671875,0.643345355987549,0,0,6.01927280426025,0,0,6.34375
"353","2004-05-29",274.06,276.42,-30.8,29.4,115,274.063720703125,0.706149518489838,0,0,6.57674980163574,0,0,215.360305786133
"354","2004-05-29 06:00:00",274.14,277.7,-42,22.1,122,274.1416015625,0.672563135623932,0,0,5.9415135383606,0,0,191.368621826172
"355","2004-05-29 12:00:00",267.28,274.97,-40.7,-1,-22,267.279296875,0.580753147602081,0,0,2.54621195793152,0,0,0
"356","2004-05-29 18:00:00",268.85,274.21,-76.7,13.9,-1.3,268.843566894531,0.592486798763275,0,0,6.79018831253052,0,0,7.6484375
"357","2004-05-30",274.13,277.27,-34.1,40,127.1,274.130859375,0.57887464761734,0,0,5.44361925125122,0,0,237.781036376953
"358","2004-05-30 06:00:00",274.2,280.39,-24.6,12.8,133.3,274.201904296875,0.491486847400665,0,0,2.00420570373535,0,0,215.525527954102
"359","2004-05-30 12:00:00",268.58,278.67,-45.3,5.3,-20.9,268.573974609375,0.410845875740051,0,0,2.19497227668762,0,0,0
"360","2004-05-30 18:00:00",270.08,277.89,-63,10,3,270.078125,0.490343034267426,0,0,3.91672301292419,0,0,11.7109375
"361","2004-05-31",274.43,277.79,-6.4,9.7,159.1,274.43115234375,0.499543905258179,0,0,0.504830658435822,0,0,256.572570800781
"362","2004-05-31 06:00:00",274.5,280.87,-50.8,24.5,171.1,274.50048828125,0.501405537128448,0,0,4.06663751602173,0,0,228.256423950195
"363","2004-05-31 12:00:00",272.39,279.36,-55,6.1,-15.1,272.382263183594,0.563647627830505,0,0,3.8502311706543,0,0,0
"364","2004-05-31 18:00:00",270.78,280.52,-51.6,1.7,16.2,270.778442382812,0.48163229227066,0,0,2.6127564907074,0,0,11.984375
"365","2004-06-01",274.61,279.34,-35.4,29.1,189,274.6162109375,0.52281379699707,0,0,3.84595131874084,0,0,275.444641113281
"366","2004-06-01 06:00:00",274.65,280.52,-38,10.7,188.7,274.64990234375,0.593125879764557,0,0,3.33185291290283,0,0,240.220291137695
"367","2004-06-01 12:00:00",272.29,279.12,-41,2.1,-21.9,272.288757324219,0.593280494213104,0,0,2.93100571632385,0,0,0
"368","2004-06-01 18:00:00",271.98,278.68,-35.8,-2.3,-0.7,271.977783203125,0.644414246082306,0,0,2.60543894767761,0,0,13.328125
"369","2004-06-02",274.93,281,-24.6,1.1,228.7,274.931640625,0.65555065870285,0,0,2.10944294929504,0,0,290.007598876953
"370","2004-06-02 06:00:00",274.68,283.22,-16.1,2.7,193.1,274.683349609375,0.503572225570679,0,0,0.803913414478302,0,0,250.359451293945
"371","2004-06-02 12:00:00",273.37,278.97,-64.6,-15.7,26.4,273.372863769531,0.751086533069611,0,0,5.64450979232788,0,0,0
"372","2004-06-02 18:00:00",272.18,277.48,-24.4,-3.9,3,272.1748046875,0.7372025847435,0,0,2.21085596084595,0,0,12.6953125
"373","2004-06-03",274.84,279.28,-11.9,3.4,217.1,274.8447265625,0.679307818412781,0,0,1.39722907543182,0,0,305.133666992188
"374","2004-06-03 06:00:00",274.79,280.05,-25.8,5.6,205.7,274.79150390625,0.647904992103577,0,0,2.54569363594055,0,0,269.539489746094
"375","2004-06-03 12:00:00",271.39,276.9,-32.6,-5,-0.4,271.381103515625,0.726870536804199,0,0,2.86022901535034,0,0,0
"376","2004-06-03 18:00:00",273.48,275.1,-18.8,-17.2,43.6,273.490478515625,1.00000500679016,1.78813934326172e-06,0,5.56510496139526,0,0.00275802612304688,6.2578125
"377","2004-06-04",274.75,276.15,-10,-9.8,204.7,274.751220703125,1.00000238418579,4.76837158203125e-07,0,4.13773632049561,0,0.0424308776855469,208.012603759766
"378","2004-06-04 06:00:00",273.72,277.42,-23,-16,80.6,273.72216796875,0.93382465839386,3.26633453369141e-05,0,3.10535979270935,0,0.792201995849609,28.8839054107666
"379","2004-06-04 12:00:00",273.1,276.27,-28.3,-21.2,-10.1,273.092529296875,0.962162017822266,0,0,4.25835371017456,0,0.180252075195312,0
"380","2004-06-04 18:00:00",273.4,275.58,-22.3,-19.1,34.2,273.40478515625,0.993673205375671,0,0,4.9313793182373,0,0.133754730224609,11.1640625
"381","2004-06-05",274.82,275.49,-3.1,-1.5,213.7,274.82275390625,0.990206837654114,1.19209289550781e-07,0,3.43905210494995,0,0.0521583557128906,235.160461425781
"382","2004-06-05 06:00:00",273.65,275.18,-16.6,-15.5,64.7,273.65576171875,1.00000190734863,1.31130218505859e-05,0,5.34578371047974,0,0.9730224609375,29.7879753112793
"383","2004-06-05 12:00:00",273.45,274.5,-18.8,-16.8,38.3,273.452514648438,1.00000429153442,0.000118613243103027,0,8.43446731567383,0,4.0950813293457,0
"384","2004-06-05 18:00:00",273.27,274.01,-12,-2.1,17.5,273.27197265625,0.959738373756409,1.44839286804199e-05,0,7.09320592880249,0.0252227783203125,2.79135894775391,6.125
"385","2004-06-06",273.77,274.39,-2.9,-2.6,70.8,273.77978515625,1.0000034570694,5.7220458984375e-05,0,2.42781639099121,0.00496292114257812,1.43524551391602,66.9660873413086
"386","2004-06-06 06:00:00",274.73,275.2,-2.8,-2.1,200.6,274.738037109375,1.00000286102295,2.38418579101562e-07,0,5.34025096893311,0,4.77022743225098,220.515655517578
"387","2004-06-06 12:00:00",273.36,274.54,-12.7,-9.1,26.5,273.3603515625,0.989156186580658,0.000137925148010254,0,4.97551584243774,0,3.99892997741699,0
"388","2004-06-06 18:00:00",273.4,274.09,-7,-5.9,18.7,273.400451660156,1.00000596046448,0.00014805793762207,0,4.5338921546936,0,3.96796226501465,3.3359375
"389","2004-06-07",273.51,273.82,-2,-1.5,37.4,273.51904296875,1.00000321865082,0.000307321548461914,0,2.90186023712158,0.0184555053710938,6.20009231567383,33.9170074462891
"390","2004-06-07 06:00:00",273.59,274.53,-10.9,-9.7,49.8,273.595947265625,1.00000190734863,0.000693559646606445,0,5.59481048583984,0.156486511230469,15.4931373596191,28.7274570465088
"391","2004-06-07 12:00:00",273.15,273.94,-9.8,-6.3,-8.1,273.141357421875,0.989811420440674,7.15255737304688e-07,0,5.2748875617981,0.121381759643555,14.8318748474121,0
"392","2004-06-07 18:00:00",271.39,274.51,-9,-0.3,-10.3,271.38525390625,0.804021179676056,0,0,1.36376953125,0.0208473205566406,2.51437377929688,13.25
"393","2004-06-08",274.99,276.54,-4,4.7,238.5,274.994384765625,0.814425110816956,0,0,1.52067542076111,0,0.0476799011230469,350.907958984375
"394","2004-06-08 06:00:00",274.91,278.41,-24.7,5.4,226.8,274.9111328125,0.756868362426758,0,0,3.752596616745,0,0,307.011138916016
"395","2004-06-08 12:00:00",268.85,277.96,-35.5,-9.8,-20.1,268.843505859375,0.670368432998657,0,0,1.90956223011017,0,0,0
"396","2004-06-08 18:00:00",269.39,278.2,-65.8,-6,17.7,269.382568359375,0.575626730918884,0,0,3.64812040328979,0,0.014373779296875,19.71875
"397","2004-06-09",275.08,276.9,-8.8,11.1,242,275.07958984375,0.772081613540649,0,0,2.78166246414185,0,0.00086212158203125,360.591583251953
"398","2004-06-09 06:00:00",274.82,280.2,-33.3,11.1,212.5,274.829833984375,0.611069977283478,0,0,3.22300624847412,0,0.00324249267578125,248.212310791016
"399","2004-06-09 12:00:00",273.51,276.65,-35.2,-15.8,48.2,273.51806640625,0.896426260471344,0.000569581985473633,0,5.48159646987915,0,1.14011573791504,0
"400","2004-06-09 18:00:00",273.65,277.17,-25,-25.6,61.6,273.649658203125,1.00000429153442,0.000236153602600098,0,3.52259874343872,0,8.62103271484375,0.71875
"401","2004-06-10",273.7,275.83,-24.9,-24.1,71.2,273.703125,1.00000166893005,0.000455379486083984,0,5.78391790390015,0,11.7021598815918,14.0260982513428
"402","2004-06-10 06:00:00",273.71,275.53,-26.7,-25.4,71.2,273.7138671875,1.00000143051147,0.000185489654541016,0,7.23604774475098,0,9.81752777099609,14.8406047821045
"403","2004-06-10 12:00:00",273.66,275.86,-30.4,-29.3,65.8,273.668701171875,1.00000464916229,6.103515625e-05,0,6.82487154006958,0,2.55608367919922,0.00390625
"404","2004-06-10 18:00:00",273.46,275.24,-13.6,-12.7,37,273.4638671875,1.00000488758087,6.91413879394531e-06,0,3.69300603866577,0,6.13923263549805,4.6171875
"405","2004-06-11",275.2,276.9,-3.3,1.1,258.9,275.200927734375,0.877871811389923,0,0,1.16267704963684,0,0.528860092163086,356.331512451172
"406","2004-06-11 06:00:00",275.18,277.45,-21.4,-22.5,252.8,275.1806640625,1.00000262260437,3.95774841308594e-05,0,5.37830591201782,0,0.0514144897460938,221.413665771484
"407","2004-06-11 12:00:00",272.91,277.65,-34.4,-9.2,-13.1,272.908935546875,0.791782021522522,0,0,3.53280878067017,0,0.0181427001953125,0.3671875
"408","2004-06-11 18:00:00",272.99,277.84,-40.4,-8.4,5,272.98583984375,0.768788635730743,0,0,4.0470175743103,0,0.080078125,18.3671875
"409","2004-06-12",275.38,277.75,-26.2,-1.3,285.5,275.3798828125,0.877321839332581,0,0,6.37164068222046,0,0,364.353576660156
"410","2004-06-12 06:00:00",275.3,278.27,-50,-0.7,272.2,275.304443359375,0.836366713047028,0,0,9.3163013458252,0,0.00310134887695312,320.187896728516
"411","2004-06-12 12:00:00",272.58,277.09,-97.7,33.7,-14.6,272.5732421875,0.618533670902252,0,0,10.3691625595093,0,0,0.58203125
"412","2004-06-12 18:00:00",272,277.27,-76.2,33.6,1.3,271.9990234375,0.532230973243713,0,0,6.95327377319336,0,0,19.296875
"413","2004-06-13",274.99,277.79,-21,25,237.4,274.9951171875,0.654649496078491,0,0,4.06763219833374,0,0.00171279907226562,313.950988769531
"414","2004-06-13 06:00:00",273.46,277.06,-12.2,-4.2,38.5,273.46240234375,0.856355607509613,0,0,1.65241873264313,0,0,22.7238788604736
"415","2004-06-13 12:00:00",273.96,276.57,-45.9,-45.4,102.9,273.964599609375,1.00000357627869,0.00123858451843262,0,8.8548583984375,0,12.4704360961914,0.02734375
"416","2004-06-13 18:00:00",273.51,274.43,-21.7,-19.3,45.2,273.510986328125,1.00000476837158,0.000166535377502441,0,11.0339860916138,0.00234222412109375,17.8209533691406,1.9921875
"417","2004-06-14",274.23,274.6,-6.9,-5.9,139,274.23046875,1.00000286102295,7.29560852050781e-05,0,12.4908361434937,0.0630531311035156,5.3045654296875,132.166900634766
"418","2004-06-14 06:00:00",274.08,274.22,-1.7,-1,117.6,274.0830078125,1.00000286102295,9.89437103271484e-06,0,12.9092273712158,0.00179290771484375,2.73009490966797,121.307571411133
"419","2004-06-14 12:00:00",273.36,273.86,-14.4,-12.2,28.3,273.363525390625,1.000004529953,0.000269293785095215,1.1146068572998e-05,12.5673866271973,0.447135925292969,5.38644409179688,0.16015625
"420","2004-06-14 18:00:00",273.24,273.35,-4.5,-3.3,11.5,273.24169921875,1.00000667572021,6.80685043334961e-05,8.26567411422729e-05,10.9102783203125,1.98812103271484,3.70086669921875,3.515625
"421","2004-06-15",273.75,273.37,9.6,9.2,76.9,273.75537109375,1.00000405311584,4.07695770263672e-05,0.000272542238235474,12.093861579895,6.51790618896484,9.26327514648438,102.03849029541
"422","2004-06-15 06:00:00",273.26,272.59,20.5,24.5,12.9,273.269775390625,0.988863706588745,2.38418579101562e-07,6.55651092529297e-06,16.5125675201416,11.1122932434082,15.8893775939941,86.6322860717773
"423","2004-06-15 12:00:00",271.35,271.18,2.1,3.1,-7.7,271.349365234375,1.00000429153442,3.69548797607422e-06,0.00011742115020752,15.7288904190063,1.58816146850586,2.35537719726562,0.16015625
"424","2004-06-15 18:00:00",271.26,271.04,3.9,4.9,-8.4,271.250244140625,1.00000596046448,2.14576721191406e-06,0.000193327665328979,17.4005470275879,11.9741630554199,11.9924468994141,2.4453125
"425","2004-06-16",273.31,272.51,20.8,19.7,20.3,273.31591796875,1.00000309944153,2.14576721191406e-06,5.32865524291992e-05,13.7742481231689,3.31427383422852,3.37236022949219,75.8860015869141
"426","2004-06-16 06:00:00",273.56,273.53,-0.1,0.3,49.4,273.5595703125,1.00000214576721,2.78949737548828e-05,0,9.09600925445557,1.59181594848633,1.9066276550293,52.9584884643555
"427","2004-06-16 12:00:00",272.17,273.07,-15.5,-11.8,-17.6,272.159912109375,1.00000429153442,8.34465026855469e-07,0,7.48206186294556,0.482410430908203,1.61800384521484,0.4453125
"428","2004-06-16 18:00:00",264.76,271.35,-15.2,-1.6,-36.9,264.75537109375,0.675970435142517,0,0,1.10724568367004,0.0137214660644531,0.155292510986328,8.203125
"429","2004-06-17",273.67,275.94,-11.5,8,67.1,273.677978515625,0.745395600795746,0,0,2.51298475265503,0.00025177001953125,0.00528335571289062,117.426612854004
"430","2004-06-17 06:00:00",273.83,275.98,-22.3,3.1,80.6,273.83154296875,0.842943966388702,0,0,5.20352840423584,0,0.000782012939453125,103.544609069824
"431","2004-06-17 12:00:00",272.13,276.74,-41.2,5.7,14,272.1259765625,0.672764897346497,0,0,4.34096002578735,0,0,0.46484375
"432","2004-06-17 18:00:00",272.27,273.87,-14.2,-2,-6.8,272.264099121094,0.9082390666008,0,0,4.09500408172607,0.00080108642578125,0.00685882568359375,5.0234375
"433","2004-06-18",273.65,273.15,5,4.7,58,273.657958984375,1.00000309944153,2.14576721191406e-06,4.22894954681396e-05,4.96989822387695,0.291303634643555,1.0717658996582,78.6612930297852
"434","2004-06-18 06:00:00",273.88,274.95,-14.3,14.7,89.7,273.881591796875,0.854403376579285,0,0,6.79448461532593,1.06644821166992,3.2286262512207,118.501251220703
"435","2004-06-18 12:00:00",271.46,273.45,-21.6,-9.7,-1.6,271.45751953125,0.940953254699707,0,0,5.04825639724731,0.139007568359375,0.626529693603516,0.76171875
"436","2004-06-18 18:00:00",269.64,273.66,-38,-12.8,3,269.63623046875,0.85507869720459,0,0,4.53494262695312,0,0.00833511352539062,9.6875
"437","2004-06-19",273.7,275.26,-19.6,4.4,67.8,273.703369140625,0.874011814594269,0,0,6.24203443527222,0.000429153442382812,0.00314712524414062,80.6903686523438
"438","2004-06-19 06:00:00",274.06,277.08,-32.7,8.3,113.3,274.06689453125,0.767489612102509,0,0,5.52801895141602,0.00172996520996094,0.195198059082031,155.294479370117
"439","2004-06-19 12:00:00",270.97,275.8,-35.8,5.1,-12.7,270.966796875,0.653828799724579,0,0,3.604572057724,0,0,0.875
"440","2004-06-19 18:00:00",273.19,275.54,-25,7.9,3.3,273.196044921875,0.788457930088043,0,0,5.07270431518555,0,0,2.6640625
"441","2004-06-20",273.8,275.92,-31.6,10.8,82.1,273.8037109375,0.815555274486542,0,0,7.47375440597534,0,0,84.6054000854492
"442","2004-06-20 06:00:00",273.95,277,-21.1,5.4,99.2,273.956298828125,0.763400077819824,0,0,3.51548838615417,0,0,107.658363342285
"443","2004-06-20 12:00:00",272.86,275.75,-29.5,3.9,-7.7,272.8515625,0.782231032848358,0,0,4.86268186569214,0,0,0.85546875
"444","2004-06-20 18:00:00",272.25,273.95,-6.4,-1.3,5.2,272.247802734375,0.912754476070404,3.09944152832031e-06,0,1.74582755565643,0,0.00462722778320312,6.4453125
"445","2004-06-21",273.97,273.43,4.2,4.1,93.9,273.972412109375,1.00000321865082,4.98294830322266e-05,0,3.40685820579529,0.164804458618164,1.8358154296875,110.55948638916
"446","2004-06-21 06:00:00",273.86,276.91,-5.9,2.8,86.4,273.861328125,0.717073559761047,0,0,0.643013656139374,0.000518798828125,0.275245666503906,121.879234313965
"447","2004-06-21 12:00:00",273.37,275.46,-13,-10.9,30.4,273.3720703125,0.992160260677338,2.74181365966797e-06,0,2.98030066490173,0,0.416542053222656,0.453125
"448","2004-06-21 18:00:00",273.25,273.71,-3.6,-3,11.9,273.25048828125,1.00000464916229,0.000419855117797852,0,3.25370478630066,0.668001174926758,8.50826263427734,2.796875
"449","2004-06-22",273.85,274.02,-1.2,-0.4,83.5,273.85595703125,1.0000034570694,0.000258207321166992,0,4.34258890151978,0.0270919799804688,5.01068115234375,101.437515258789
"450","2004-06-22 06:00:00",273.6,274.72,-5.7,-4.6,53.3,273.601806640625,0.996966540813446,0.000485897064208984,0,2.47120046615601,0,1.4995002746582,40.8298683166504
"451","2004-06-22 12:00:00",273.13,274.53,-4.3,-3.6,-5.8,273.125244140625,0.999531030654907,0.000425577163696289,0,1.39979791641235,0,0.787872314453125,0.328125
"452","2004-06-22 18:00:00",273.23,275.41,-8.9,-2.3,14.4,273.238037109375,0.897116005420685,1.1444091796875e-05,0,1.94853615760803,0,1.24811172485352,6.6015625
"453","2004-06-23",274.82,277.63,-30.1,3.1,212.2,274.82568359375,0.821063458919525,0,0,5.78874397277832,0,0.280250549316406,267.6611328125
"454","2004-06-23 06:00:00",274.97,280.73,-79,17.1,229.3,274.977783203125,0.624530076980591,0,0,7.21791076660156,0,0.00188446044921875,242.902252197266
"455","2004-06-23 12:00:00",273.33,278.1,-87.6,3.4,22.3,273.334716796875,0.701298475265503,0,0,9.0368824005127,0,0,1.63671875
"456","2004-06-23 18:00:00",273.36,277.15,-86.5,16.7,28.7,273.36279296875,0.71652752161026,0,0,11.1773529052734,0,0,14.8125
"457","2004-06-24",275.16,277.73,-55.7,-9,257.9,275.16162109375,0.878192543983459,1.52587890625e-05,0,12.1763963699341,0,0.0482559204101562,259.767120361328
"458","2004-06-24 06:00:00",275.03,278.47,-59.9,-28.8,236.3,275.03076171875,0.891711354255676,0,0,9.44880390167236,0,0.0286712646484375,179.551376342773
"459","2004-06-24 12:00:00",273.19,276.99,-29.8,-10.9,5.1,273.193359375,0.852070271968842,0,0,3.8262996673584,0,0.0273895263671875,1.3046875
"460","2004-06-24 18:00:00",273.27,277.06,-20.4,-7.3,17.4,273.271240234375,0.851475775241852,0,0,2.63776183128357,0,0.256752014160156,8.0390625
"461","2004-06-25",273.86,278.11,-17.3,-5.1,97.8,273.863525390625,0.819811940193176,4.86373901367188e-05,0,2.06498956680298,0,0.190750122070312,74.6723937988281
"462","2004-06-25 06:00:00",274.42,276.91,-33.7,-31.9,162.5,274.429443359375,0.99466198682785,1.50203704833984e-05,0,7.13699674606323,0,1.64685821533203,106.317031860352
"463","2004-06-25 12:00:00",273.83,275.91,-40.4,-39.2,86.7,273.830078125,1.00000405311584,3.45706939697266e-05,0,9.66890621185303,0,2.76647186279297,0.171875
"464","2004-06-25 18:00:00",273.74,275.54,-34.7,-32.9,77.4,273.743896484375,1.0000057220459,1.88350677490234e-05,0,9.50093650817871,0,0.691139221191406,2.8515625
"465","2004-06-26",275.1,276.64,-17.1,-6.3,249.6,275.10107421875,0.950457334518433,0,0,6.61495113372803,0,0.640571594238281,320.885711669922
"466","2004-06-26 06:00:00",275,278.44,-20.4,-0.1,223.4,275.005126953125,0.804155468940735,0,0,3.16171073913574,0,0.0172271728515625,288.383239746094
"467","2004-06-26 12:00:00",273.3,279.41,-63.4,-15.9,20,273.3037109375,0.733753025531769,0,0,5.09560966491699,0,0,1.51953125
"468","2004-06-26 18:00:00",273.37,278.48,-57.1,-18.3,31.2,273.376953125,0.793661177158356,0,0,5.47346544265747,0,0,15.8046875
"469","2004-06-27",275.5,281.12,-50.1,-8.4,301.6,275.50244140625,0.73933732509613,0,0,4.75170040130615,0,0,329.105773925781
"470","2004-06-27 06:00:00",275.09,281.92,-17.9,-3.5,243.5,275.089599609375,0.6967653632164,0,0,1.37314784526825,0,0.0056915283203125,294.592987060547
"471","2004-06-27 12:00:00",273.41,278.02,-34.7,-34.4,31.1,273.415283203125,0.999622941017151,0,0,3.69779825210571,0,0.055908203125,1.421875
"472","2004-06-27 18:00:00",271.67,277.44,-15.1,-13.4,1.3,271.669677734375,0.985648274421692,0,0,1.27270078659058,0,0.0089569091796875,16.078125
"473","2004-06-28",275.15,278.34,-24.3,-15.2,252.3,275.150390625,0.925784468650818,0,0,4.12900447845459,0,0.0314254760742188,264.328216552734
"474","2004-06-28 06:00:00",274.37,279.33,-46.8,-10.4,154.1,274.37939453125,0.774569094181061,4.48226928710938e-05,0,4.83074998855591,0,5.43904113769531,105.790031433105
"475","2004-06-28 12:00:00",273.72,277.56,-56.7,-36.1,70.4,273.724853515625,0.917027115821838,0,0,7.31007385253906,0,10.9688034057617,0.9140625
"476","2004-06-28 18:00:00",273.51,276.92,-48.6,-13.9,44.3,273.510009765625,0.850607216358185,0,0,6.95487785339355,0,0.600753784179688,12.3828125
"477","2004-06-29",275.37,277.01,-20,-16.6,282.5,275.377197265625,0.98724627494812,0,0,7.42708826065063,0,0.0168800354003906,319.248199462891
"478","2004-06-29 06:00:00",275.25,278.7,-37.9,-12.4,264,275.258056640625,0.864656627178192,0,0,5.95641231536865,0,0.00853729248046875,295.77685546875
"479","2004-06-29 12:00:00",272.51,275.48,-34.2,-20.9,-20.3,272.503173828125,0.940830230712891,0,0,5.44025325775146,0,0.0076446533203125,1.33203125
"480","2004-06-29 18:00:00",267.84,272.08,-18,-12.8,8.4,267.83740234375,1.00000500679016,1.19209289550781e-06,0,2.01092076301575,0,0.0186996459960938,15.8046875
"481","2004-06-30",275.02,277.05,-13.2,19.5,235.6,275.02099609375,0.718447029590607,0,0,3.66739821434021,0,0.0388870239257812,354.666625976562
"482","2004-06-30 06:00:00",274.97,280.06,-9.4,3,227.7,274.979248046875,0.636216521263123,0,0,0.815944969654083,0,0,314.457580566406
"483","2004-06-30 12:00:00",271.06,276.75,-16.1,-4.6,-38.2,271.056396484375,0.769688010215759,0,0,1.37742292881012,0,0,1.13671875
"484","2004-06-30 18:00:00",270.74,277.49,-50.2,-1,12.7,270.733154296875,0.621951997280121,0,0,3.63424015045166,0,0,15.9296875
"485","2004-07-01",275.16,279.86,-42.2,4.1,253.1,275.162353515625,0.714494705200195,0,0,4.78652620315552,0,0,274.594055175781
"486","2004-07-01 06:00:00",275.34,279.76,-27.5,-15.3,273,275.346923828125,0.874956369400024,0,0,3.36419081687927,0,1.31293487548828,312.126800537109
"487","2004-07-01 12:00:00",273.46,277.03,-25.7,-25.5,37.3,273.466796875,1.00000429153442,4.76837158203125e-07,0,3.53636908531189,0,2.72617340087891,0.7734375
"488","2004-07-01 18:00:00",273.77,276.46,-29.8,-29.8,74.2,273.7763671875,1.00000357627869,0.000150680541992188,0,5.53146886825562,0,3.48789596557617,5.4765625
